{"cameraMode":{"drawMode":0,"name":"Shaded","section":"Shading Mode"},"sceneLighting":false,"audioPlay":false,"sceneViewState":{"m_AlwaysRefresh":false,"showFog":true,"showSkybox":false,"showFlares":true,"showImageEffects":true,"showParticleSystems":true,"showVisualEffectGraphs":true,"m_FxEnabled":true},"in2DMode":false,"pivot":{"x":-13.758564949035645,"y":-0.19919216632843018,"z":41.90422821044922},"rotation":{"x":-0.19798432290554048,"y":-0.06961474567651749,"z":0.014095739461481572,"w":-0.9776418805122376},"size":6.510163307189941,"orthographic":false}