{"cameraMode":{"drawMode":0,"name":"Shaded","section":"Shading Mode"},"sceneLighting":false,"audioPlay":false,"sceneViewState":{"m_AlwaysRefresh":false,"showFog":true,"showSkybox":false,"showFlares":true,"showImageEffects":true,"showParticleSystems":true,"showVisualEffectGraphs":true,"m_FxEnabled":true},"in2DMode":false,"pivot":{"x":3.5475354194641115,"y":-5.857326030731201,"z":43.64017868041992},"rotation":{"x":0.26976266503334048,"y":-0.09427762776613236,"z":0.026549354195594789,"w":0.9579334259033203},"size":6.769077777862549,"orthographic":false}